FirstName,LastName,Name,Team,Position,Salary,Rank,Stdev,Matchup,ValuePeyton,Manning,Peyton Manning,Den,QB,20208,2.06,0.986825993,@NYG,9808.992701Aaron,Rodgers,Aaron Rodgers,GB,QB,18451,1.79,1.137551992,Was,10310.85294Drew,Brees,Drew Brees,NO,QB,17640,2.74,1.075319409,@TB,6445.384615LeSean,McCoy,LeSean McCoy,Phi,RB,16664,2.28,1.269182473,SD,7307.800664Adrian,Peterson,Adrian Peterson,Min,RB,16412,1.80,1.221272275,@Chi,9102.453782Andrew,Luck,Andrew Luck,Ind,QB,16104,9.50,3.151856024,Mia,1694.487342Eli,Manning,Eli Manning,NYG,QB,15948,11.43,3.447317175,Den,1395.45Colin,Kaepernick,Colin Kaepernick,SF,QB,15785,8.90,2.755349306,@Sea,1773.146115Matthew,Stafford,Matthew Stafford,Det,QB,15615,8.56,2.966868133,@Ari,1823.349429Larry,Fitzgerald,Larry Fitzgerald,Ari,WR,15292,6.05,3.190572373,Det,2529.50376Robert,Griffin III,Robert Griffin III,Was,QB,15250,9.41,3.05126085,@GB,1620.007987Matt,Ryan,Matt Ryan,Atl,QB,15212,5.93,2.278356777,StL,2564.253485Michael,Vick,Michael Vick,Phi,QB,15012,7.65,3.112418707,SD,1963.221239Cam,Newton,Cam Newton,Car,QB,14945,6.97,3.393802068,@Buf,2144.212513Demaryius,Thomas,Demaryius Thomas,Den,WR,14702,4.18,2.69347748,@NYG,3515.695652Jamaal,Charles,Jamaal Charles,KC,RB,14414,4.86,2.299975546,Dal,2968.24961Tony,Romo,Tony Romo,Dal,QB,14390,11.64,2.435138587,@KC,1236.350129Victor,Cruz,Victor Cruz,NYG,WR,14339,10.11,4.005011496,Den,1417.788765Brandon,Marshall,Brandon Marshall,Chi,WR,14338,3.98,2.374054352,Min,3598.129277Reggie,Bush,Reggie Bush,Det,RB,14306,10.92,3.958193777,@Ari,1310.473282A.J.,Green,A.J. Green,Cin,WR,14260,4.67,2.864347755,Pit,3050.761751Doug,Martin,Doug Martin,TB,RB,14260,3.09,1.810970548,NO,4613.529412Andre,Johnson,Andre Johnson,Hou,WR,14229,8.03,3.638888013,Ten,1771.913208Calvin,Johnson,Calvin Johnson,Det,WR,14216,1.77,1.866206038,@Ari,8053.699572Matt,Schaub,Matt Schaub,Hou,QB,14190,18.60,3.677409115,Ten,763.091133Wes,Welker,Wes Welker,Den,WR,14184,14.95,4.499687521,@NYG,948.9548908Russell,Wilson,Russell Wilson,Sea,QB,14149,13.78,2.959217398,SF,1026.632297Randall,Cobb,Randall Cobb,GB,WR,14139,11.09,4.464429356,Was,1274.827869Philip,Rivers,Philip Rivers,SD,QB,14133,21.80,3.214971333,@Phi,648.4432803Carson,Palmer,Carson Palmer,Ari,QB,14108,16.95,3.436460387,Det,832.4596273Matt,Forte,Matt Forte,Chi,RB,14070,8.66,4.01102561,Min,1624.88189Terrelle,Pryor,Terrelle Pryor,Oak,QB,14036,16.58,4.134337388,Jax,846.7787934Vincent,Jackson,Vincent Jackson,TB,WR,13942,8.58,3.366595409,NO,1624.31068Ray,Rice,Ray Rice,Bal,RB,13538,7.79,2.820461769,Cle,1738.342412Jay,Cutler,Jay Cutler,Chi,QB,13433,17.93,2.892030763,Min,749.0939203Sam,Bradford,Sam Bradford,StL,QB,13360,20.16,3.702313685,@Atl,662.6883756Reggie,Wayne,Reggie Wayne,Ind,WR,13258,13.11,3.040777352,Mia,1011.593063Julio,Jones,Julio Jones,Atl,WR,13204,5.41,2.891876149,StL,2441.07563C.J.,Spiller,C.J. Spiller,Buf,RB,12822,8.33,3.556186813,Car,1538.64Joe,Flacco,Joe Flacco,Bal,QB,12750,20.99,3.59185993,Cle,607.3619632Jimmy,Graham,Jimmy Graham,NO,TE,12706,1.06,0.268485533,@TB,11979.94285Jordy,Nelson,Jordy Nelson,GB,WR,12678,14.05,4.47190495,Was,902.6407764Steven,Jackson,Steven Jackson,Atl,RB,12601,10.61,3.675569895,StL,1187.246253Arian,Foster,Arian Foster,Hou,RB,12592,8.70,3.799399148,Ten,1446.600522Josh,Freeman,Josh Freeman,TB,QB,12569,19.40,3.84291556,NO,647.8865979DeSean,Jackson,DeSean Jackson,Phi,WR,12046,15.95,4.61111042,SD,755.3786222Marshawn,Lynch,Marshawn Lynch,Sea,RB,12040,12.62,4.444148865,SF,953.9495798Darren,McFadden,Darren McFadden,Oak,RB,11921,16.73,3.921755384,Jax,712.6684783Jason,Witten,Jason Witten,Dal,TE,11874,2.99,1.276217257,@KC,3968.020254Andy,Dalton,Andy Dalton,Cin,QB,11827,21.77,3.397982209,Pit,543.2292948Dez,Bryant,Dez Bryant,Dal,WR,11808,9.55,4.783753497,@KC,1237.028571DeMarco,Murray,DeMarco Murray,Dal,RB,11771,15.14,3.963417425,@KC,777.6636637Jared,Cook,Jared Cook,StL,TE,11684,5.59,2.662746775,@Atl,2089.821138Steve,Smith,Steve Smith,Car,WR,11675,21.37,5.450056023,@Buf,546.2956399E.J.,Manuel,E.J. Manuel,Buf,QB,11673,25.31,3.800108939,Car,461.2554593Alex,Smith,Alex Smith,KC,QB,11628,23.12,3.561795739,Dal,503.0136986Ryan,Tannehill,Ryan Tannehill,Mia,QB,11430,24.40,3.401960219,@Ind,468.442623Anquan,Boldin,Anquan Boldin,SF,WR,11398,23.49,6.221293118,@Sea,485.1776847Trent,Richardson,Trent Richardson,Cle,RB,11347,9.45,3.477883356,@Bal,1201.125902Pierre,Garcon,Pierre Garcon,Was,WR,11338,17.60,5.744377816,@GB,644.2600086Ben,Roethlisberger,Ben Roethlisberger,Pit,QB,11156,23.28,3.345960616,@Cin,479.1159218Alfred,Morris,Alfred Morris,Was,RB,11133,11.12,3.775981315,@GB,1001.059946Darren,Sproles,Darren Sproles,NO,RB,11107,21.45,3.398670944,@TB,517.6991525Hakeem,Nicks,Hakeem Nicks,NYG,WR,10914,18.43,4.78348355,Den,592.1282368Marques,Colston,Marques Colston,NO,WR,10822,18.19,6.764583097,@TB,594.9620991Vernon,Davis,Vernon Davis,SF,TE,10764,4.48,2.154860289,@Sea,2404.142132Brandon,Weeden,Brandon Weeden,Cle,QB,10679,27.81,2.998849752,@Bal,383.9559812Jordan,Cameron,Jordan Cameron,Cle,TE,10660,6.70,2.59644102,@Bal,1591.764706Maurice,Jones-Drew,Maurice Jones-Drew,Jax,RB,10604,13.95,3.889212731,@Oak,760.308528Mike,Williams,Mike Williams,TB,WR,10243,28.20,6.04495612,NO,363.1684126Eddie,Lacy,Eddie Lacy,GB,RB,10212,17.89,5.026667863,Was,570.9377382Frank,Gore,Frank Gore,SF,RB,10103,19.79,3.245113583,@Sea,510.5650842Jermichael,Finley,Jermichael Finley,GB,TE,10017,8.83,2.910708199,Was,1134Julius,Thomas,Julius Thomas,Den,TE,9945,7.73,2.954428902,@NYG,1287Marlon,Brown,Marlon Brown,Bal,WR,9728,48.56,12.29894842,Cle,200.314489Tony,Gonzalez,Tony Gonzalez,Atl,TE,9679,3.82,1.866036887,StL,2534.976191Dwayne,Bowe,Dwayne Bowe,KC,WR,9635,21.58,5.320118572,Dal,446.4092665Antonio,Brown,Antonio Brown,Pit,WR,9562,23.91,5.353354295,@Cin,399.9315589Cecil,Shorts,Cecil Shorts,Jax,WR,9484,24.52,6.583342051,@Oak,386.7432809Owen,Daniels,Owen Daniels,Hou,TE,9430,9.13,2.532830801,Ten,1032.995851Miles,Austin,Miles Austin,Dal,WR,9425,27.20,5.303998829,@KC,346.449457Chad,Henne,Chad Henne,Jax,QB,9380,27.85,3.036665253,@Oak,336.8183716Andre,Roberts,Andre Roberts,Ari,WR,9262,45.22,9.819414363,Det,204.8265377Brian,Hartline,Brian Hartline,Mia,WR,9238,37.60,7.267704773,@Ind,245.6715387Steve,Johnson,Steve Johnson,Buf,WR,9199,29.71,4.599951092,Car,309.6042836Kyle,Orton,Kyle Orton,Dal,QB,9163,37.33,1.885618083,@KC,245.4375Jake,Locker,Jake Locker,Ten,QB,9156,29.88,1.610182909,@Hou,306.3951584Brandon,Myers,Brandon Myers,NYG,TE,9118,12.14,3.702523151,Den,751.2958799Christian,Ponder,Christian Ponder,Min,QB,8983,30.83,1.827380494,@Chi,291.4090268Mike,Wallace,Mike Wallace,Mia,WR,8858,28.48,6.223691184,@Ind,311.0550678Ryan,Mathews,Ryan Mathews,SD,RB,8619,24.75,3.376332509,@Phi,348.2424242Chris,Johnson,Chris Johnson,Ten,RB,8608,18.83,3.560082166,@Hou,457.2458753Joique,Bell,Joique Bell,Det,RB,8569,31.82,6.472979797,@Ari,269.2700024T.Y.,Hilton,T.Y. Hilton,Ind,WR,8538,33.85,7.087638458,Mia,252.2417189Michael,Floyd,Michael Floyd,Ari,WR,8475,38.70,8.210985469,Det,218.9665297Daryl,Richardson,Daryl Richardson,StL,RB,8445,23.96,3.612699199,@Atl,352.4312362Kirk,Cousins,Kirk Cousins,Was,QB,8396,36.75,4.264680527,@GB,228.462585Eric,Decker,Eric Decker,Den,WR,8345,26.65,6.020149057,@NYG,313.1154065Greg,Olsen,Greg Olsen,Car,TE,8345,8.83,2.644749001,@Buf,944.8530682Torrey,Smith,Torrey Smith,Bal,WR,8326,25.92,6.794183355,Cle,321.1665693Leonard,Hankerson,Leonard Hankerson,Was,WR,8141,58.96,14.30099297,@GB,138.0766621DeAngelo,Williams,DeAngelo Williams,Car,RB,8101,22.56,4.196422675,@Buf,359.077233David,Wilson,David Wilson,NYG,RB,8097,21.76,4.357371344,Den,372.1462396Vincent,Brown,Vincent Brown,SD,WR,8093,44.18,8.31608533,@Phi,183.169143Texans,Texans,Texans,Hou,DST,8007,2.71,1.76044642,Ten,2957.130682Antonio,Gates,Antonio Gates,SD,TE,7984,12.47,2.774827535,@Phi,640.0881274Roddy,White,Roddy White,Atl,WR,7877,29.63,11.53120766,StL,265.8902954Tavon,Austin,Tavon Austin,StL,WR,7875,41.85,7.24952151,@Atl,188.154751Rod,Streater,Rod Streater,Oak,WR,7843,50.63,9.87639959,Jax,154.9133019Martellus,Bennett,Martellus Bennett,Chi,TE,7816,13.62,2.947855674,Min,573.8109011Rueben,Randle,Rueben Randle,NYG,WR,7808,45.45,7.712705599,Den,171.7841802Dallas,Clark,Dallas Clark,TB,TE,7797,19.17,4.319296995,NO,406.6989568Golden,Tate,Golden Tate,Sea,WR,7688,40.67,6.113984406,SF,189.0255255Matt,Cassel,Matt Cassel,Min,QB,7679,46.67,11.55662388,@Chi,164.55Brent,Celek,Brent Celek,Phi,TE,7510,15.75,4.220485754,SD,476.8253968DeAndre,Hopkins,DeAndre Hopkins,Hou,WR,7427,48.82,6.152692024,Ten,152.1222332Denarius,Moore,Denarius Moore,Oak,WR,7358,46.58,7.50912405,Jax,157.9512279Chris,Givens,Chris Givens,StL,WR,7331,38.63,8.351382276,@Atl,189.794664Bengals,Bengals,Bengals,Cin,DST,7143,4.31,2.744405019,Pit,1657.278777Emmanuel,Sanders,Emmanuel Sanders,Pit,WR,7110,42.10,6.74286642,@Cin,168.8773427Rashard,Mendenhall,Rashard Mendenhall,Ari,RB,7053,28.05,3.910580818,Det,251.4166892James,Jones,James Jones,GB,WR,7028,32.33,6.800920912,Was,217.3608248Doug,Baldwin,Doug Baldwin,Sea,WR,6969,61.63,13.27532956,SF,113.0872211Brandon,Gibson,Brandon Gibson,Mia,WR,6859,65.54,11.05279391,@Ind,104.6612938Jerome,Simpson,Jerome Simpson,Min,WR,6855,58.68,10.61857879,@Chi,116.8278925Eddie,Royal,Eddie Royal,SD,WR,6855,65.91,13.18025069,@Phi,104.0068966Jermaine,Kearse,Jermaine Kearse,Sea,WR,6794,79.65,11.4097925,SF,85.29585153Kenny,Britt,Kenny Britt,Ten,WR,6791,47.37,8.966958727,@Hou,143.3605386Vick,Ballard,Vick Ballard,Ind,RB,6661,34.23,4.980262976,Mia,194.6015488Nate,Burleson,Nate Burleson,Det,WR,6629,56.67,9.510225979,@Ari,116.9683111Fred,Jackson,Fred Jackson,Buf,RB,6518,36.32,5.112716722,Car,179.4463473Alshon,Jeffery,Alshon Jeffery,Chi,WR,6505,46.04,6.476436838,Min,141.2939889Lance,Moore,Lance Moore,NO,WR,6430,37.14,8.322473354,@TB,173.1408016Ahmad,Bradshaw,Ahmad Bradshaw,Ind,RB,6388,29.48,4.964243127,Mia,216.6536485Harry,Douglas,Harry Douglas,Atl,WR,6384,52.64,12.33114475,StL,121.2819383Ben,Tate,Ben Tate,Hou,RB,6377,31.11,4.895340591,Ten,204.9583638Steelers,Steelers,Steelers,Pit,DST,6337,12.68,4.896793239,@Cin,499.6633292Giovani,Bernard,Giovani Bernard,Cin,RB,6305,33.50,5.095303839,Pit,188.2089552Tyler,Eifert,Tyler Eifert,Cin,TE,6297,19.82,3.287269992,Pit,317.7735164Knowshon,Moreno,Knowshon Moreno,Den,RB,6190,34.15,5.892774635,@NYG,181.2795675Fred,Davis,Fred Davis,Was,TE,6178,16.27,3.914589517,@GB,379.7209756Le'Veon,Bell,Le'Veon Bell,Pit,RB,6161,61.60,13.72005831,@Cin,100.0162338Ravens,Ravens,Ravens,Bal,DST,5982,8.35,4.895134453,Cle,716.2731525Lamar,Miller,Lamar Miller,Mia,RB,5955,24.89,3.652827314,@Ind,239.2876712Pierre,Thomas,Pierre Thomas,NO,RB,5857,38.25,5.042181608,@TB,153.1400706Davone,Bess,Davone Bess,Cle,WR,5838,66.95,10.39216039,@Bal,87.20564764Cowboys,Cowboys,Cowboys,Dal,DST,5796,13.39,5.516511771,@KC,432.7072692Darrius,Heyward-Bey,Darrius Heyward-Bey,Ind,WR,5766,56.03,8.746646766,Mia,102.9137056Greg,Jennings,Greg Jennings,Min,WR,5692,40.66,7.634499558,@Chi,139.9761768Donnie,Avery,Donnie Avery,KC,WR,5629,68.24,10.16473824,Dal,82.48766463BenJarvus,Green-Ellis,BenJarvus Green-Ellis,Cin,RB,5594,33.02,4.779984862,Pit,169.4373566Kendall,Wright,Kendall Wright,Ten,WR,5593,60.76,9.776127968,@Hou,92.05811219Kyle,Rudolph,Kyle Rudolph,Min,TE,5546,13.76,3.574152182,@Chi,403.1233479Panthers,Panthers,Panthers,Car,DST,5402,13.36,6.66708048,@Buf,404.407967Zach,Miller,Zach Miller,Sea,TE,5350,24.13,3.858312647,SF,221.7245989Malcom,Floyd,Malcom Floyd,SD,WR,5313,51.35,8.308492452,@Phi,103.4655459Robert,Woods,Robert Woods,Buf,WR,5308,65.77,8.323245514,Car,80.70643275Greg,Little,Greg Little,Cle,WR,5277,54.27,8.471971266,@Bal,97.22827328Broncos,Broncos,Broncos,Den,DST,5265,11.68,5.169585648,@NYG,450.6725543Lions,Lions,Lions,Det,DST,5263,15.26,6.782798207,@Ari,344.9993311Colts,Colts,Colts,Ind,DST,5250,14.46,6.137960228,Mia,363.0487072Nate,Washington,Nate Washington,Ten,WR,5222,62.68,9.674321194,@Hou,83.31635777Dwayne,Allen,Dwayne Allen,Ind,TE,5197,21.92,4.002635746,Mia,237.1424882Bears,Bears,Bears,Chi,DST,5180,3.62,2.818577425,Min,1432.765957Mark,Ingram,Mark Ingram,NO,RB,5126,39.36,5.831935751,@TB,130.2358079Eagles,Eagles,Eagles,Phi,DST,5076,16.78,7.187905284,SD,302.4990177Raiders,Raiders,Raiders,Oak,DST,5027,16.15,7.865940464,Jax,311.3200782Jerricho,Cotchery,Jerricho Cotchery,Pit,WR,4985,77.09,11.74827811,@Cin,64.6639151Daniel,Thomas,Daniel Thomas,Mia,RB,4974,43.76,5.711334731,@Ind,113.6572459Sidney,Rice,Sidney Rice,Sea,WR,4880,51.75,8.196922129,SF,94.30698558Brandon,Stokley,Brandon Stokley,Den,WR,4860,76.64,15.20623529,@NYG,63.41099721Da'Rel,Scott,Da'Rel Scott,NYG,RB,4774,48.09,9.03920727,Den,99.26271425Ronnie,Hillman,Ronnie Hillman,Den,RB,4757,44.03,5.862055944,@NYG,108.0447888Santana,Moss,Santana Moss,Was,WR,4749,67.64,9.082209094,@GB,70.20887036Mikel,Leshoure,Mikel Leshoure,Det,RB,4715,59.85,11.73147476,@Ari,78.78028404Jermaine,Gresham,Jermaine Gresham,Cin,TE,4714,20.30,3.494371532,Pit,232.1985927Kenny,Stills,Kenny Stills,NO,WR,4629,62.10,10.55838816,@TB,74.54367232Ace,Sanders,Ace Sanders,Jax,WR,4604,71.20,13.63533416,@Oak,64.66648306Patrick,Edwards,Patrick Edwards,Det,WR,4567,83.00,11.16282651,@Ari,55.02409639Bryce,Brown,Bryce Brown,Phi,RB,4554,39.09,5.730757784,SD,116.5084264Scott,Chandler,Scott Chandler,Buf,TE,4542,24.29,4.21494505,Car,186.9540728Dolphins,Dolphins,Dolphins,Mia,DST,4480,15.98,4.455978456,@Ind,280.2802803Dexter,McCluster,Dexter McCluster,KC,WR,4456,52.33,0.471404521,Dal,85.14649682Delanie,Walker,Delanie Walker,Ten,TE,4430,26.82,4.22854855,@Hou,165.1535088Brandon,Pettigrew,Brandon Pettigrew,Det,TE,4422,18.90,3.859168822,@Ari,234.0177815Marcedes,Lewis,Marcedes Lewis,Jax,TE,4340,25.08,5.336065967,@Oak,173.046252Kyle,Williams,Kyle Williams,SF,WR,4310,78.21,11.41196985,@Sea,55.11022928Falcons,Falcons,Falcons,Atl,DST,4253,18.43,5.196643147,StL,230.765057Montee,Ball,Montee Ball,Den,RB,4190,38.14,5.993270388,@NYG,109.8628479Jonathan,Dwyer,Jonathan Dwyer,Pit,RB,4168,48.49,6.488301874,@Cin,85.94936048Isaiah,Pead,Isaiah Pead,StL,RB,4115,51.71,7.402544563,@Atl,79.5859161949ers,49ers,49ers,SF,DST,4100,8.25,4.60298816,@Sea,496.969697Mohamed,Sanu,Mohamed Sanu,Cin,WR,4096,62.71,8.784860688,Pit,65.31687243Jaguars,Jaguars,Jaguars,Jax,DST,4067,24.64,6.451650028,@Oak,165.0250934Ryan,Broyles,Ryan Broyles,Det,WR,4064,66.15,15.88804728,@Ari,61.43525385Bernard,Pierce,Bernard Pierce,Bal,RB,4050,39.76,4.710043776,Cle,101.8716578Seahawks,Seahawks,Seahawks,Sea,DST,4011,6.38,3.952147196,SF,628.986731Ronnie,Brown,Ronnie Brown,SD,RB,4003,55.90,9.679994468,@Phi,71.60509116Terrance,Williams,Terrance Williams,Dal,WR,3941,76.83,10.82707301,@KC,51.29472756Bills,Bills,Bills,Buf,DST,3910,24.49,6.0699598,Car,159.6799117Danny,Woodhead,Danny Woodhead,SD,RB,3902,46.14,6.450727136,@Phi,84.56806084Coby,Fleener,Coby Fleener,Ind,TE,3884,22.44,4.107346724,Mia,173.0809485Riley,Cooper,Riley Cooper,Phi,WR,3833,71.63,9.128533555,SD,53.51182166Brandon,LaFell,Brandon LaFell,Car,WR,3818,62.28,7.499628079,@Buf,61.30421271Josh,Morgan,Josh Morgan,Was,WR,3794,80.54,12.13576263,@GB,47.10535651Roy,Helu,Roy Helu,Was,RB,3764,48.35,7.028137648,@GB,77.846036Chiefs,Chiefs,Chiefs,KC,DST,3760,16.06,5.675239669,Dal,234.1319261Browns,Browns,Browns,Cle,DST,3741,16.01,5.200153577,@Bal,233.690786Markus,Wheaton,Markus Wheaton,Pit,WR,3713,74.50,10.5977592,@Cin,49.83892617Garrett,Graham,Garrett Graham,Hou,TE,3701,29.36,7.424257455,Ten,126.051088Jason,Avant,Jason Avant,Phi,WR,3697,77.89,9.828849424,SD,47.46381886Kendall,Hunter,Kendall Hunter,SF,RB,3585,51.75,5.376569538,@Sea,69.27536232Johnathan,Franklin,Johnathan Franklin,GB,RB,3564,61.03,9.22536599,Was,58.4003543Joseph,Fauria,Joseph Fauria,Det,TE,3560,33.45,7.964279758,@Ari,106.4130435Mike,Tolbert,Mike Tolbert,Car,RB,3525,48.79,6.749525892,@Buf,72.24770642Charles,Clay,Charles Clay,Mia,TE,3489,51.50,6.5,@Ind,67.74757282Allen,Reisner,Allen Reisner,Jax,TE,3479,31.14,5.257970949,@Oak,111.7110092LaMichael,James,LaMichael James,SF,RB,3462,66.43,5.802884575,@Sea,52.11612903David,Ausberry,David Ausberry,Oak,TE,3447,37.38,7.343636298,Jax,92.20370372Luke,Stocker,Luke Stocker,TB,TE,3433,34.90,5.854625863,NO,98.35334244Travis,Benjamin,Travis Benjamin,Cle,WR,3401,81.17,11.66433499,@Bal,41.89769684Ryan,Williams,Ryan Williams,Ari,RB,3388,63.48,13.27590025,Det,53.37260274Anthony,Fasano,Anthony Fasano,KC,TE,3338,27.92,4.300406534,Dal,119.5586366Quinton,Patton,Quinton Patton,SF,WR,3322,74.48,12.52329427,@Sea,44.60307692Earl,Bennett,Earl Bennett,Chi,WR,3293,91.82,13.45246662,Min,35.86226778Jacquizz,Rodgers,Jacquizz Rodgers,Atl,RB,3264,50.26,5.651849375,StL,64.94599204Junior,Hemingway,Junior Hemingway,KC,WR,3185,97.33,9.410396142,Dal,32.72260274Cordarrelle,Patterson,Cordarrelle Patterson,Min,WR,3086,68.68,13.73947865,@Chi,44.93070402Isaac,Redman,Isaac Redman,Pit,RB,3070,37.42,5.638932063,@Cin,82.03842756Marlon,Moore,Marlon Moore,SF,WR,3022,92.16,13.67773126,@Sea,32.79154769Robert,Turbin,Robert Turbin,Sea,RB,3006,57.71,5.86635239,SF,52.09082761Robert,Housler,Robert Housler,Ari,TE,3005,30.82,6.042548857,Det,97.50737463Packers,Packers,Packers,GB,DST,3003,16.56,4.544159897,Was,181.3074581Vonta,Leach,Vonta Leach,Bal,RB,3002,69.10,6.759437846,Cle,43.44428365Mike,James,Mike James,TB,RB,2990,78.50,6.232976817,NO,38.08917197Vikings,Vikings,Vikings,Min,DST,2898,19.48,4.026812632,@Chi,148.7469027Tony,Scheffler,Tony Scheffler,Det,TE,2886,33.60,7.183313998,@Ari,85.89285714Dwayne,Harris,Dwayne Harris,Dal,WR,2879,87.45,14.8058381,@KC,32.92231861Saints,Saints,Saints,NO,DST,2860,21.70,7.285071315,@TB,131.8203034Marcel,Reece,Marcel Reece,Oak,RB,2817,57.84,6.751539145,Jax,48.70283137Stepfan,Taylor,Stepfan Taylor,Ari,RB,2809,66.32,7.94423082,Det,42.35793651Toby,Gerhart,Toby Gerhart,Min,RB,2784,67.50,5.016638981,@Chi,41.24444444Michael,Bush,Michael Bush,Chi,RB,2735,49.32,4.823263074,Min,55.45293899Andre,Caldwell,Andre Caldwell,Den,WR,2733,102.80,14.6273716,@NYG,26.58560311Joseph,Randle,Joseph Randle,Dal,RB,2715,65.42,13.93018119,@KC,41.50147929Ed,Dickson,Ed Dickson,Bal,TE,2608,25.74,5.360624488,Cle,101.3243243Justin,Forsett,Justin Forsett,Jax,RB,2599,62.02,7.028478226,@Oak,41.90433536Joel,Dreessen,Joel Dreessen,Den,TE,2567,36.60,1.019803903,@NYG,70.13661202David,Paulson,David Paulson,Pit,TE,2488,36.31,6.943559444,@Cin,68.52542372Alfonso,Smith,Alfonso Smith,Ari,RB,2487,57.65,8.359276284,Det,43.13963573Kevin,Ogletree,Kevin Ogletree,TB,WR,2465,83.74,8.53139124,NO,29.43609023Felix,Jones,Felix Jones,Phi,RB,2458,58.76,7.573343326,SD,41.83215962Zach,Ertz,Zach Ertz,Phi,TE,2445,29.79,5.160264373,SD,82.07876049Lance,Kendricks,Lance Kendricks,StL,TE,2443,34.26,4.575013434,@Atl,71.30107528Jackie,Battle,Jackie Battle,Ten,RB,2365,65.86,13.29830972,@Hou,35.90752243Jeron,Mastrud,Jeron Mastrud,Oak,TE,2365,39.78,6.267691012,Jax,59.45530726Jordan,Reed,Jordan Reed,Was,TE,2351,32.58,7.560896757,@GB,72.16765052Drew,Davis,Drew Davis,Atl,WR,2349,127.33,6.649979114,StL,18.44764398Brian,Quick,Brian Quick,StL,WR,2335,84.93,11.90879402,@Atl,27.4948484Austin,Pettis,Austin Pettis,StL,WR,2334,84.67,9.846977352,@Atl,27.56692913John,Carlson,John Carlson,Min,TE,2313,50.83,2.910708199,@Chi,45.50163935Travis,Kelce,Travis Kelce,KC,TE,2287,35.65,5.730769231,Dal,64.14455233Benjamin,Watson,Benjamin Watson,NO,TE,2282,35.96,4.867623837,@TB,63.46553809Marvin,Jones,Marvin Jones,Cin,WR,2274,91.54,9.139717653,Pit,24.84276239Derrick,Coleman,Derrick Coleman,Sea,RB,2270,81.00,10,SF,28.02469136Anthony,Sherman,Anthony Sherman,KC,RB,2242,70.09,10.0313558,Dal,31.98702983T.J.,Graham,T.J. Graham,Buf,WR,2238,87.60,13.78985134,Car,25.54794521Knile,Davis,Knile Davis,KC,RB,2222,57.90,6.411575642,Dal,38.37763466Keshawn,Martin,Keshawn Martin,Hou,WR,2218,107.71,11.0545955,Ten,20.59151194Vance,McDonald,Vance McDonald,SF,TE,2215,35.93,5.924999928,@Sea,61.65463917Jacob,Tamme,Jacob Tamme,Den,TE,2190,34.65,7.393350101,@NYG,63.19949812Cole,Beasley,Cole Beasley,Dal,WR,2179,111.00,23,@KC,19.63063063Andre,Ellington,Andre Ellington,Ari,RB,2178,67.31,10.59904919,Det,32.35654596Jon,Baldwin,Jon Baldwin,KC,WR,2153,85.64,15.6253128,Dal,25.14012144Stedman,Bailey,Stedman Bailey,StL,WR,2150,88.79,22.01812399,@Atl,24.2145821Jarius,Wright,Jarius Wright,Min,WR,2129,85.66,10.74236172,@Chi,24.85547504Shonn,Greene,Shonn Greene,Ten,RB,2094,53.11,7.445986672,@Hou,39.42469018Rams,Rams,Rams,StL,DST,2086,14.89,6.33862213,@Atl,140.1044776Lance,Dunbar,Lance Dunbar,Dal,RB,2063,64.32,9.058565008,@KC,32.07400498Bruce,Miller,Bruce Miller,SF,RB,2042,80.17,6.643710476,@Sea,25.47193347Jacoby,Ford,Jacoby Ford,Oak,WR,2041,90.44,12.4240905,Jax,22.56633907Aldrick,Robinson,Aldrick Robinson,Was,WR,2035,99.90,13.98892419,@GB,20.37037037Jason,Snelling,Jason Snelling,Atl,RB,2000,73.33,6.18241233,StL,27.27272727Marquess,Wilson,Marquess Wilson,Chi,WR,2000,120.00,12.24744871,Min,16.66666667Brandon,Tate,Brandon Tate,Cin,WR,2000,130.67,4.496912521,Pit,15.30612245Chris,Ogbonnaya,Chris Ogbonnaya,Cle,RB,2000,72.20,9.346657156,@Bal,27.70083102Gary,Barnidge,Gary Barnidge,Cle,TE,2000,45.88,3.887077951,@Bal,43.59673025Gavin,Escobar,Gavin Escobar,Dal,TE,2000,44.33,14.93690433,@KC,45.11278196Kris,Durham,Kris Durham,Det,WR,2000,111.17,8.839620404,@Ari,17.99100449Jarrett,Boykin,Jarrett Boykin,GB,WR,2000,96.05,18.51344106,Was,20.82248829Damian,Williams,Damian Williams,Ten,WR,2000,100.50,8.920949127,@Hou,19.90049751Donald,Brown,Donald Brown,Ind,RB,2000,52.13,10.91500846,Mia,38.3669454Cyrus,Gray,Cyrus Gray,KC,RB,2000,74.18,9.349945861,Dal,26.96078431Rashad,Jennings,Rashad Jennings,Oak,RB,2000,64.04,7.289077546,Jax,31.23158515Mychal,Rivera,Mychal Rivera,Oak,TE,2000,37.33,8.699936143,Jax,53.57142858Zac,Stacy,Zac Stacy,StL,RB,2000,63.22,8.711753894,@Atl,31.63771712Rishard,Matthews,Rishard Matthews,Mia,WR,2000,117.00,9.823441352,@Ind,17.09401709Nick,Toon,Nick Toon,NO,WR,2000,100.56,16.53354241,@TB,19.88950275James,Casey,James Casey,Phi,TE,2000,38.82,11.31224744,SD,51.52224824Clay,Harbor,Clay Harbor,Phi,TE,2000,51.00,4.320493799,SD,39.21568627Kory,Sperry,Kory Sperry,Ari,TE,2000,42.78,11.72630261,Det,46.75324675Jim,Dray,Jim Dray,Ari,TE,2000,36.63,3.672107705,Det,54.60750853Keenan,Allen,Keenan Allen,SD,WR,2000,81.33,14.94062322,@Phi,24.59016394Luke,Willson,Luke Willson,Sea,TE,2000,36.57,7.228063223,SF,54.6875Stephen,Williams,Stephen Williams,Sea,WR,2000,96.50,21.65888139,SF,20.7253886Ted,Ginn Jr.,Ted Ginn Jr.,Car,WR,2000,99.78,12.46129811,@Buf,20.04454343Armanti,Edwards,Armanti Edwards,Car,WR,2000,113.29,12.82535754,@Buf,17.65447667Jordan,Todman,Jordan Todman,Jax,RB,2000,67.22,8.175543173,@Oak,29.75206612Mike,Brown,Mike Brown,Jax,WR,2000,88.60,8.345058418,@Oak,22.57336343Denard,Robinson,Denard Robinson,Jax,WR,2000,67.91,6.58146974,@Oak,29.44997835Cardinals,Cardinals,Cardinals,Ari,DST,1900,12.69,5.234901624,Det,149.7185741Chargers,Chargers,Chargers,SD,DST,1805,23.77,6.44879471,@Phi,75.95064935Titans,Titans,Titans,Ten,DST,1426,27.15,4.490094291,@Hou,52.51558074Giants,Giants,Giants,NYG,DST,1021,22.91,5.195323977,Den,44.57110711Buccaneers,Buccaneers,Buccaneers,TB,DST,521,21.11,7.121734251,NO,24.67626953Redskins,Redskins,Redskins,Was,DST,285,25.35,5.16709601,@GB,11.24383562